row,product_handle,created_at,author,rating,source
1,sihoo-b100-ergonomic-office-chair,2026-07-14,Sophie J.,5,79b5b0c3-2625-4b24-926f-c384766df52b
2,sihoo-b100-ergonomic-office-chair,2026-07-13,Alexandra H.,5,99c7368a-e812-4b3f-9c17-0a12c8381fb2
3,sihoo-b100-ergonomic-office-chair,2026-07-12,Savannah E.,5,35404e9e-5a80-404b-8cc6-a6cc33f6274f
4,sihoo-b100-ergonomic-office-chair,2026-07-11,Colton B.,5,6ad3752e-2359-4dac-aa30-2d4ee386d8dc
5,sihoo-b100-ergonomic-office-chair,2026-07-11,Vincent O.,5,83e84928-daf7-4f20-aa40-789ece1b8504
6,sihoo-b100-ergonomic-office-chair,2026-07-10,Penelope C.,5,2938d061-1957-4db7-84e9-6b30a81cd760
7,sihoo-b100-ergonomic-office-chair,2026-07-10,Elias R.,5,4ad8dbf7-fad5-4a44-84ad-5b3532cec033
8,sihoo-b100-ergonomic-office-chair,2026-07-09,Mila K.,5,65dd36b8-e1a7-4193-88e1-6390f0e77543
9,sihoo-b100-ergonomic-office-chair,2026-07-09,Connor R.,5,69e0f158-a155-4197-84d9-a96accc8e007
10,sihoo-b100-ergonomic-office-chair,2026-07-09,Caiden F.,5,6c01defb-34d7-46e9-af72-364e683de90d
11,sihoo-b100-ergonomic-office-chair,2026-07-09,Leonardo P.,5,7956f7b3-57f3-4567-9fcf-46de7a4e49a6
12,sihoo-b100-ergonomic-office-chair,2026-07-09,Bryson B.,5,7d4c24af-87ed-4fb0-a086-5faf7274e68e
13,sihoo-b100-ergonomic-office-chair,2026-07-09,Ariana J.,5,bd829a42-909e-463f-b413-cb11909b6e57
14,sihoo-b100-ergonomic-office-chair,2026-07-09,Aaliyah S.,5,63497b85-0b32-4af4-a305-65c64649b717
15,sihoo-b100-ergonomic-office-chair,2026-07-08,Karter H.,5,d3f2fb58-7d08-41fb-9136-f3006446c3f0
16,sihoo-b100-ergonomic-office-chair,2026-07-08,Gage W.,5,08ef1e9d-7856-431d-b723-f4c1a85a5703
17,sihoo-b100-ergonomic-office-chair,2026-07-07,Alice P.,5,a204aa23-4e5a-48a7-908b-0cc70da931f0
18,sihoo-b100-ergonomic-office-chair,2026-07-06,Colton L.,5,301d9e1d-b3e7-4c7c-bc75-d3f3e254d9a7
19,sihoo-b100-ergonomic-office-chair,2026-07-05,Alyssa P.,5,03598414-d651-428d-bb6c-54bc10d59e3c
20,sihoo-b100-ergonomic-office-chair,2026-07-05,Declan P.,5,e01e3d76-7b16-4563-ab40-9dce44cc0620
21,sihoo-b100-ergonomic-office-chair,2026-07-03,Ivy H.,5,80deebc0-9bf9-42e2-a3eb-77ca692928c0
22,sihoo-b100-ergonomic-office-chair,2026-07-01,Clara S.,3,9118e913-7af1-45d6-8b15-fdd9bc74aa08
23,sihoo-b100-ergonomic-office-chair,2026-06-30,Sadie S.,3,f4b4f25f-35e9-4753-ac78-ba2326b9e994
24,sihoo-b100-ergonomic-office-chair,2026-06-27,Jason W.,5,a9994ab7-fdd0-42e4-af84-8a900b4a307d
25,sihoo-b100-ergonomic-office-chair,2026-06-27,Stella G.,5,af5f5e3c-0850-4dbc-b44a-070da494a1c2
26,sihoo-b100-ergonomic-office-chair,2026-06-26,Ruby B.,5,b476c643-9e6b-4341-ba2f-0dd02c10247a
27,sihoo-b100-ergonomic-office-chair,2026-06-26,Riley H.,5,5f63b688-100b-41ff-bda1-74388429e6b6
28,sihoo-b100-ergonomic-office-chair,2026-06-26,Mila D.,5,3a77d15b-f5e7-420c-b8e6-08203993f18d
29,sihoo-b100-ergonomic-office-chair,2026-06-26,Maverick S.,5,dd789dc9-6f5f-4a8a-88c6-0871267185a6
30,sihoo-b100-ergonomic-office-chair,2026-06-26,Alex B.,5,8b23ec12-92f5-484c-8736-220dc1d093bf
31,sihoo-b100-ergonomic-office-chair,2026-06-25,Jose M.,5,819ccf5e-ec2b-4377-b824-451a131222b3
32,sihoo-b100-ergonomic-office-chair,2026-06-25,Katherine A.,5,9ee5f4cb-ab2c-4538-baca-0407d65850e0
33,sihoo-b100-ergonomic-office-chair,2026-06-25,Natalie P.,5,94cd4864-46ef-4a81-8953-3b99d662e070
34,sihoo-b100-ergonomic-office-chair,2026-06-24,Clara K.,5,08302641-4feb-4526-8f56-557979758a48
35,sihoo-b100-ergonomic-office-chair,2026-06-24,Hunter W.,5,196168aa-b643-44be-b24b-796319f205e3
36,sihoo-b100-ergonomic-office-chair,2026-06-23,Ella C.,5,81c32b5b-e511-4f7f-af3d-504b1593921a
37,sihoo-b100-ergonomic-office-chair,2026-06-23,Alice W.,5,92935e2d-f7da-43db-91bc-05ac7e76094f
38,sihoo-b100-ergonomic-office-chair,2026-06-20,Bryce G.,5,cfe65281-0c13-44d8-af84-132b2a3746c7
39,sihoo-b100-ergonomic-office-chair,2026-06-20,Evan F.,5,cb7a230c-66ba-47c8-a7cb-b67fd63b0dfe
40,sihoo-b100-ergonomic-office-chair,2026-06-20,Eliot B.,5,ad7623b6-3d2f-4f1d-bd75-6102a482f751
41,sihoo-b100-ergonomic-office-chair,2026-06-19,Lily B.,5,3047eeca-d4c4-442c-aab6-9b3834e2012b
42,sihoo-b100-ergonomic-office-chair,2026-06-14,Maria B.,5,0fe9d524-9458-4420-af1d-f9b5a5c50629
43,sihoo-b100-ergonomic-office-chair,2026-06-13,Brayden G.,5,641198d4-8d8c-457b-959c-ba3964daaf01
44,sihoo-b100-ergonomic-office-chair,2026-06-12,Vanessa R.,5,f9837088-5a26-4ca8-be9b-9e19d799a29e
45,sihoo-b100-ergonomic-office-chair,2026-06-12,Kevin R.,5,4136a556-66c5-4978-9d27-7a733417fa7d
46,sihoo-b100-ergonomic-office-chair,2026-06-12,Kai W.,5,4316516a-e13b-4ab1-aea4-40c872a4c972
47,sihoo-b100-ergonomic-office-chair,2026-06-12,Maya M.,5,83271e31-5612-4482-b41d-b58a3f3fab3d
48,sihoo-b100-ergonomic-office-chair,2026-06-11,Brandon B.,5,8a6b16a8-b370-4e21-b039-e50e7ae8547f
49,sihoo-b100-ergonomic-office-chair,2026-06-11,Emilia C.,5,afddc865-8c40-461c-91e9-4bfe0f9a042e
50,sihoo-b100-ergonomic-office-chair,2026-06-11,Madelyn F.,5,0eb08417-4943-4cc7-86f7-7fc6ffc6df04
51,sihoo-b100-ergonomic-office-chair,2026-06-09,Elena T.,5,7e07857a-dd71-492a-993f-8b9ce0e4569b
52,sihoo-b100-ergonomic-office-chair,2026-06-09,Cooper C.,5,d743715d-3ae6-46a2-800b-075e6cb65e9e
53,sihoo-b100-ergonomic-office-chair,2026-06-09,Zachary C.,5,9539dfc1-a771-478e-884f-ff6151eb312f
54,sihoo-b100-ergonomic-office-chair,2026-06-09,Kayla H.,5,83751ee1-b35a-4bd1-9102-7249dd7597d0
55,sihoo-b100-ergonomic-office-chair,2026-06-07,Audrey M.,5,afb48503-c155-4ebe-8853-51a21262a6be
56,sihoo-b100-ergonomic-office-chair,2026-06-06,Tyler B.,5,5cea0ce4-46b0-450e-b4c4-d275818f413a
57,sihoo-b100-ergonomic-office-chair,2026-06-05,Spencer S.,5,c7b5611e-e86a-4d1e-a662-1564776110d8
58,sihoo-b100-ergonomic-office-chair,2026-05-31,Michael M.,5,89779111-9b1d-4b2c-a094-2e308ed89b2e
59,sihoo-b100-ergonomic-office-chair,2026-05-29,James S.,5,ccd67f2c-9770-4588-851d-a1093bd5c85e
60,sihoo-b100-ergonomic-office-chair,2026-05-25,Karen M.,5,8067ba6e-5337-44ef-ab30-2ebd5a862390
61,sihoo-b100-ergonomic-office-chair,2026-05-23,Thomas T.,5,88e2dce6-606e-4e8e-b3fd-5221978c9383
62,sihoo-b100-ergonomic-office-chair,2026-05-23,Mary J.,5,1743e634-d42a-4c39-8275-e1a1b3b40060
63,sihoo-b100-ergonomic-office-chair,2026-05-23,Elizabeth M.,5,a5fbc4a3-e16e-4bd2-adc8-ba18fe9d7afb
64,sihoo-b100-ergonomic-office-chair,2026-05-22,John W.,5,9c863b4e-caad-41b4-a54d-112d019818f1
65,sihoo-b100-ergonomic-office-chair,2026-05-22,David H.,5,29580814-c884-4f6d-80a5-2086f4f23e41
66,sihoo-b100-ergonomic-office-chair,2026-05-21,Barbara L.,5,cea3c544-0dc4-41da-87f0-ee3cb8f2476a
67,sihoo-b100-ergonomic-office-chair,2026-05-18,Richard G.,5,7fc743ea-8bd3-436c-8e64-8b13ee4a9685
68,sihoo-b100-ergonomic-office-chair,2026-05-17,Christopher L.,5,8392ca44-8b46-4ad9-87e3-a491a1ebcfe2
69,sihoo-b100-ergonomic-office-chair,2026-05-17,Linda D.,5,54909a50-a4ba-4d28-af6a-9f70d4743d1b
70,sihoo-b100-ergonomic-office-chair,2026-05-17,Joseph A.,5,835cd3a4-b4fe-4e01-92ff-e0171dd35726
71,sihoo-b100-ergonomic-office-chair,2026-05-14,Jessica T.,5,d316e616-d6cc-404d-94be-91f263768fc2
72,sihoo-b100-ergonomic-office-chair,2026-05-14,William R.,5,d4a9710e-1632-47d1-a990-c82c1334bc0e
73,sihoo-b100-ergonomic-office-chair,2026-05-12,Nancy P.,5,aadba02d-c9cc-4176-ab62-e6128a8e1b77
74,sihoo-b100-ergonomic-office-chair,2026-05-10,Sarah M.,5,b5bb1be6-57c7-4bb8-a0f1-1f4aad6eae15
75,sihoo-b100-ergonomic-office-chair,2026-05-10,Robert J.,5,344da521-b096-4e33-bb58-ab0811877a37
76,sihoo-b100-ergonomic-office-chair,2026-05-09,Jennifer G.,5,9d1e557e-7ea6-442e-800f-9079448be0e2
77,sihoo-b100-ergonomic-office-chair,2026-05-06,Daniel T.,5,7fa334fd-43a7-47dd-9a2f-b3328302e157
78,sihoo-b100-ergonomic-office-chair,2026-05-05,Lisa W.,5,1cc31955-095c-41e4-ba26-f194039a04f8
79,sihoo-b100-ergonomic-office-chair,2026-05-05,TurboPulse,3,1814d1de-061d-46e4-9b3f-80142b76b97f
80,sihoo-b100-ergonomic-office-chair,2026-05-04,Chase O.,5,92a06dd8-10d4-4168-acfb-de9a29cfad02
81,sihoo-b100-ergonomic-office-chair,2026-05-04,Charles J.,5,ed1ef69b-b011-4577-92ff-75922c7b7710
82,sihoo-b100-ergonomic-office-chair,2026-05-03,NitroDash,5,b50aa34c-d733-4517-a3ea-8dcff2611451
83,sihoo-b100-ergonomic-office-chair,2026-05-01,Susan W.,5,47a2f988-f3dc-4fec-a1f3-1375403d5091
84,sihoo-b100-ergonomic-office-chair,2026-05-01,Matthew H.,3,44574014-8dd1-40b0-aed2-cbd76332e10b
85,sihoo-b100-ergonomic-office-chair,2026-05-01,VortexRush,5,911a49a9-0e01-4bef-8217-9ff02bcca35c
86,sihoo-b100-ergonomic-office-chair,2026-04-30,Charles V. D. L.,5,6fa90ccc-92a9-4fed-9d6e-0965bdf6ed62
87,sihoo-b100-ergonomic-office-chair,2026-04-30,Christina V. D. H.,5,6406911f-ae85-42e0-9094-aa498feb0605
88,sihoo-b100-ergonomic-office-chair,2026-04-29,Charlotte D.,5,4f65116a-f3bb-43cd-9e18-5730388c32a6
89,sihoo-b100-ergonomic-office-chair,2026-04-25,QuakeStrike,5,93e91e06-4264-4e0b-b982-86a9f9e88487
90,sihoo-b100-ergonomic-office-chair,2026-04-24,OnslaughtVibe,5,90f38037-fa55-4260-b5e9-e7580167d86f
91,sihoo-b100-ergonomic-office-chair,2026-04-23,Christopher D.,4,043fef84-1ecb-46c4-9a86-10b8898e70c5
92,sihoo-b100-ergonomic-office-chair,2026-04-21,RocketBlitz,5,e0572d69-1aed-486a-949e-5bdf8ac55532
93,sihoo-b100-ergonomic-office-chair,2026-04-17,Cole F.,5,664e483d-0447-480e-b237-bb3b0b285905
94,sihoo-b100-ergonomic-office-chair,2026-04-16,Connor L.,5,011f2603-a2e1-4c27-beee-21cc0afd1315
95,sihoo-b100-ergonomic-office-chair,2026-04-15,Cora O.,5,9ada1833-b58c-4870-8bd4-a633d7337833
96,sihoo-b100-ergonomic-office-chair,2026-04-15,SurgeWave,5,1cf4d53e-2628-4bfe-9ec7-4df3d49c3b63
97,sihoo-b100-ergonomic-office-chair,2026-04-14,PrimeVelocity,5,26ec3e49-4b4c-496e-9fcb-6e8679500cca
98,sihoo-b100-ergonomic-office-chair,2026-04-13,PlotTwist,5,fe091565-4fc0-409a-b983-94c657bd4d6c
99,sihoo-b100-ergonomic-office-chair,2026-04-13,Daniel V. d. W.,4,4f49b0a5-1afc-4d8e-9513-ef3d52890f3f
100,sihoo-b100-ergonomic-office-chair,2026-04-12,ReaderVibe,5,481bc71c-93b6-4c0b-801f-d566b0250aa9
101,sihoo-b100-ergonomic-office-chair,2026-04-10,KindleFable,5,f3592da1-1c9a-4f67-a990-f60e45a83db3
102,sihoo-b100-ergonomic-office-chair,2026-04-10,QuoteHaven,5,9e39fe83-b354-45cb-9e1f-2fbcfb9d62cf
103,sihoo-b100-ergonomic-office-chair,2026-04-05,JournalRift,5,04052e35-51fa-4ce4-9e24-50e74c969cad
104,sihoo-b100-ergonomic-office-chair,2026-04-04,MemoirVista,5,5f08b664-8d64-47c4-8184-136c7bec4a4f
105,sihoo-b100-ergonomic-office-chair,2026-04-04,ShelfQuest,5,4930c8bc-b8bc-44fd-80ff-ce49568d61a0
106,sihoo-b100-ergonomic-office-chair,2026-04-03,NovelGaze,5,5d06bbd1-45f1-4cb6-aedd-ea311b32c371
107,sihoo-b100-ergonomic-office-chair,2026-04-02,OracleScript,5,c467f2e3-0913-4952-b77b-eb96d965d203
108,sihoo-b100-ergonomic-office-chair,2026-03-17,Patricia B.,5,1e5a7406-cc4c-4482-baf5-33e1a00d558c
109,sihoo-b100-ergonomic-office-chair,2026-03-17,BellaSky,4,e6b739bb-de9b-47b0-bef1-ebf01ecc5bfa
110,sihoo-b100-ergonomic-office-chair,2026-03-17,TideGaze,5,92ed9cbb-2613-439f-907d-9411127d5245
111,sihoo-b100-ergonomic-office-chair,2026-03-13,VerseArchive,5,c0c8f015-3048-425f-a786-fd23296460d9
112,sihoo-b100-ergonomic-office-chair,2026-03-13,JetSurge,5,a6dec830-cb92-49cd-be63-17589748df04
113,sihoo-b100-ergonomic-office-chair,2026-03-12,IvyFlux,4,8ddda3f7-ff45-4cff-bab2-ba80053d3edd
114,sihoo-b100-ergonomic-office-chair,2026-03-12,MomentumSurge,5,9c6903cc-8c85-442c-85ab-100dbd6e35e5
115,sihoo-b100-ergonomic-office-chair,2026-03-12,KickSpark,5,99ef761f-109e-4040-96ee-a6fa306b121e
116,sihoo-b100-ergonomic-office-chair,2026-03-12,IgniteFlare,5,5ba47aa7-72c9-4fa1-bcac-d67673719352
117,sihoo-b100-ergonomic-office-chair,2026-03-12,MuseSpark,5,62c64e48-d659-4ba1-a7ee-d1d7e08e8362
118,sihoo-b100-ergonomic-office-chair,2026-03-12,LaserBolt,5,f71942b0-9260-41f9-a0e9-3b5e626709b7
119,sihoo-b100-ergonomic-office-chair,2026-03-09,AlexRiver,5,e492b82f-6839-4f82-bdec-6e560bb5ca43
120,sihoo-b100-ergonomic-office-chair,2026-03-08,PivotVibe,5,f6517518-e6b3-4402-b124-7a2795cca658
121,sihoo-b100-ergonomic-office-chair,2026-03-07,OnyxHaze,5,981a4829-f0f5-4392-890d-83eebacf3c39
122,sihoo-b100-ergonomic-office-chair,2026-02-28,JiveNest,3,f9f1f470-3d85-4823-abc2-f6140d4ee7cc
123,sihoo-b100-ergonomic-office-chair,2026-02-28,DaisyBloom,5,78e10d6b-4e70-40b6-bb6c-922dc9e67457
124,sihoo-b100-ergonomic-office-chair,2026-02-28,FionaMist,5,b76e1264-2c19-427a-8652-df86ac59d691
125,sihoo-b100-ergonomic-office-chair,2026-02-28,NovaBeam,5,a3a02179-6cce-4f02-86dd-8b3b1df7b3e3
126,sihoo-b100-ergonomic-office-chair,2026-02-26,LushFade,5,a36523f2-74fd-41ac-9d43-4e0d65a3d09e
127,sihoo-b100-ergonomic-office-chair,2026-02-22,KarmaTune,5,f465c386-08ca-484e-b422-ed4a64b41f56
128,sihoo-b100-ergonomic-office-chair,2026-02-18,SageBloom,5,17e14963-02de-4e80-ad29-de3829540fc3
129,sihoo-b100-ergonomic-office-chair,2026-02-16,HannahBrook,4,4f12a952-786f-4b12-830b-0ba3a3bdc56a
130,sihoo-b100-ergonomic-office-chair,2026-02-14,FableRise,5,09e9c2f6-ab5d-47de-9f45-5299c2d2d913
131,sihoo-b100-ergonomic-office-chair,2026-02-11,KevinDune,5,344c10d6-4101-475c-b01f-0dccab2d6054
132,sihoo-b100-ergonomic-office-chair,2026-02-10,IanCrest,4,13dde0fd-9e93-481d-9971-f5bc712bd43d
133,sihoo-b100-ergonomic-office-chair,2026-02-07,QuestFlair,5,ffe2bec0-05a7-4076-93ed-dba69c2faec2
134,sihoo-b100-ergonomic-office-chair,2026-02-05,GeorgeRidge,5,c54912e0-e684-43e9-9e45-dad7f4a97a53
135,sihoo-b100-ergonomic-office-chair,2026-02-03,DashGleam,5,24308906-bfc3-4ecf-8eaf-e464bfdf9a2a
136,sihoo-b100-ergonomic-office-chair,2026-02-01,JuliaVale,5,f0f0bef8-4bbe-4a37-af39-73f80d07562d
137,sihoo-b100-ergonomic-office-chair,2026-01-28,MilesPeak,4,01fbe38a-97ba-43e0-bd5d-d5c8e301ec91
138,sihoo-b100-ergonomic-office-chair,2026-01-25,EthanShore,5,9dc95f98-63ab-4cf3-bb11-79cd4bfbc1f5
139,sihoo-b100-ergonomic-office-chair,2026-01-25,LauraGlen,5,95eac06b-01ab-41af-b805-cc63953a2aa6
140,sihoo-b100-ergonomic-office-chair,2026-01-24,AuraNova,5,82052e96-bd22-454c-b84e-608be854ddb2
141,sihoo-b100-ergonomic-office-chair,2026-01-18,NoraQuay,5,a6822ec5-f282-4a8e-8581-bde8f93cf596
142,sihoo-b100-ergonomic-office-chair,2026-01-14,RiftBliss,5,0c9a6724-f70d-4934-a303-c1acfa73c714
143,sihoo-b100-ergonomic-office-chair,2026-01-13,EchoPulse,5,dae9b144-5dcd-4318-8f81-bd9172fce484
144,sihoo-b100-ergonomic-office-chair,2026-01-11,RubyFlare,5,cf9a6e8d-d45d-4d38-b19a-46a4edb20b60
145,sihoo-b100-ergonomic-office-chair,2026-01-11,HavenVow,5,bbc18e7b-d7bf-481c-8c90-c58b7f48ba88
146,sihoo-b100-ergonomic-office-chair,2026-01-09,CocoVibes,5,24c8e6d6-14d9-4423-9505-a1096d266187
147,sihoo-b100-ergonomic-office-chair,2026-01-09,PaigeVista,4,d2783358-a558-41aa-83f5-459c988641f5
148,sihoo-b100-ergonomic-office-chair,2026-01-08,BlazeLux,5,096e5534-18f8-4a48-8278-0a1e3e05c00a
149,sihoo-b100-ergonomic-office-chair,2026-01-05,OscarHeath,4,ca1fab20-ff68-4a39-b3c2-59439568595b
150,sihoo-b100-ergonomic-office-chair,2026-01-04,TaraWren,5,2925a6ea-1860-4b58-8363-2e07ae3fa2a9
151,sihoo-b100-ergonomic-office-chair,2026-01-04,SethGrove,5,956c65c7-f11e-489a-aaf8-a5e1d87eda4f
